{"cameraMode":{"drawMode":0,"name":"Shaded","section":"Shading Mode"},"sceneLighting":true,"audioPlay":false,"sceneViewState":{"m_AlwaysRefresh":false,"showFog":true,"showSkybox":true,"showFlares":true,"showImageEffects":true,"showParticleSystems":true,"showVisualEffectGraphs":true,"m_FxEnabled":true},"in2DMode":false,"pivot":{"x":7.892863750457764,"y":-80.26286315917969,"z":65.83851623535156},"rotation":{"x":0.41087862849235537,"y":0.03499264270067215,"z":-0.015783829614520074,"w":0.9108823537826538},"size":97.42965698242188,"orthographic":false}